Predictor variable,Categorical,Sample average
aspect,false,175.01354842108708
bio14,false,3.4074074074074074
bio15,false,127.57266857005932
bio17,false,36.074074074074076
bio18,false,773.1851851851852
bio19,false,48.25925925925926
bio2,false,11.810185149863923
bio3,false,42.009422160961016
bio9,false,17.36419741312663
slope,false,1.718998106817404
